{
  "test_name": "80-hop BGPsec stress test with Falcon-512",
  "num_hops": 80,
  "as_path": [
    64512,
    15169,
    3356,
    1299,
    2914,
    174,
    3257,
    3491,
    6762,
    701,
    1239,
    2828,
    6461,
    3356,
    6453,
    64515,
    64516,
    64517,
    64518,
    64519,
    64520,
    64521,
    64522,
    64523,
    64524,
    64525,
    64526,
    64527,
    64528,
    64529,
    64530,
    64531,
    64532,
    64533,
    64534,
    64535,
    64536,
    64537,
    64538,
    64539,
    64540,
    64541,
    64542,
    64543,
    64544,
    64545,
    64546,
    64547,
    64548,
    64549,
    64550,
    64551,
    64552,
    64553,
    64554,
    64555,
    64556,
    64557,
    64558,
    64559,
    64560,
    64561,
    64562,
    64563,
    64564,
    64565,
    64566,
    64567,
    64568,
    64569,
    64570,
    64571,
    64572,
    64573,
    64574,
    64575,
    64576,
    64577,
    64578,
    64579
  ],
  "nlri": [
    [
      "192.0.2.0",
      24
    ]
  ],
  "size_metrics": {
    "total_attr_size": 53159,
    "data_size": 53155,
    "num_hops": 80,
    "segment_size": 480,
    "total_signature_size": 52435,
    "avg_signature_size": 655.4375,
    "signature_block_overhead": 240,
    "nlri_size": 4,
    "total_path_size": 53163,
    "exceeds_bgp_limit": false
  },
  "update_message_size": 53184,
  "keypair_generation_time": -2.2327616214752197,
  "signing_time_seconds": 0.026002883911132812,
  "verification_time_seconds": 0.011785745620727539,
  "all_signatures_valid": true,
  "per_hop_verification": [
    true,
    true,
    true,
    true,
    true,
    true,
    true,
    true,
    true,
    true,
    true,
    true,
    true,
    true,
    true,
    true,
    true,
    true,
    true,
    true,
    true,
    true,
    true,
    true,
    true,
    true,
    true,
    true,
    true,
    true,
    true,
    true,
    true,
    true,
    true,
    true,
    true,
    true,
    true,
    true,
    true,
    true,
    true,
    true,
    true,
    true,
    true,
    true,
    true,
    true,
    true,
    true,
    true,
    true,
    true,
    true,
    true,
    true,
    true,
    true,
    true,
    true,
    true,
    true,
    true,
    true,
    true,
    true,
    true,
    true,
    true,
    true,
    true,
    true,
    true,
    true,
    true,
    true,
    true,
    true
  ],
  "performance_per_hop": {
    "keypair_generation_ms": -27.909520268440247,
    "signing_ms": 0.32503604888916016,
    "verification_ms": 0.14732182025909424
  }
}