{
  "test_name": "BGPsec scaling analysis with Falcon-512",
  "hop_counts_tested": [
    1,
    2,
    3,
    4,
    5,
    6,
    7,
    8,
    9,
    10,
    12,
    15
  ],
  "results": [
    {
      "num_hops": 1,
      "keypair_time": 0.03296256065368652,
      "keypair_time_per_as": 0.03296256065368652,
      "signing_time": 0.00037288665771484375,
      "signing_time_per_hop": 0.00037288665771484375,
      "verification_time": 0.00012445449829101562,
      "verification_time_per_hop": 0.00012445449829101562,
      "all_signatures_valid": true,
      "valid_signatures": 1,
      "message_size": 690,
      "message_size_kb": 0.673828125,
      "avg_signature_size": 652.0,
      "total_signature_size": 652,
      "attribute_size": 665,
      "bytes_per_hop": 690.0,
      "signature_bytes_per_hop": 652.0,
      "exceeds_bgp_limit": false
    },
    {
      "num_hops": 2,
      "keypair_time": 0.013195037841796875,
      "keypair_time_per_as": 0.0065975189208984375,
      "signing_time": 0.0005354881286621094,
      "signing_time_per_hop": 0.0002677440643310547,
      "verification_time": 0.0001518726348876953,
      "verification_time_per_hop": 7.593631744384766e-05,
      "all_signatures_valid": true,
      "valid_signatures": 2,
      "message_size": 1356,
      "message_size_kb": 1.32421875,
      "avg_signature_size": 654.5,
      "total_signature_size": 1309,
      "attribute_size": 1331,
      "bytes_per_hop": 678.0,
      "signature_bytes_per_hop": 654.5,
      "exceeds_bgp_limit": false
    },
    {
      "num_hops": 3,
      "keypair_time": 0.022101640701293945,
      "keypair_time_per_as": 0.0073672135670979815,
      "signing_time": 0.0007848739624023438,
      "signing_time_per_hop": 0.00026162465413411457,
      "verification_time": 0.0002315044403076172,
      "verification_time_per_hop": 7.716814676920573e-05,
      "all_signatures_valid": true,
      "valid_signatures": 3,
      "message_size": 2029,
      "message_size_kb": 1.9814453125,
      "avg_signature_size": 657.6666666666666,
      "total_signature_size": 1973,
      "attribute_size": 2004,
      "bytes_per_hop": 676.3333333333334,
      "signature_bytes_per_hop": 657.6666666666666,
      "exceeds_bgp_limit": false
    },
    {
      "num_hops": 4,
      "keypair_time": 0.022882938385009766,
      "keypair_time_per_as": 0.005720734596252441,
      "signing_time": 0.0010857582092285156,
      "signing_time_per_hop": 0.0002714395523071289,
      "verification_time": 0.0002903938293457031,
      "verification_time_per_hop": 7.259845733642578e-05,
      "all_signatures_valid": true,
      "valid_signatures": 4,
      "message_size": 2682,
      "message_size_kb": 2.619140625,
      "avg_signature_size": 654.25,
      "total_signature_size": 2617,
      "attribute_size": 2657,
      "bytes_per_hop": 670.5,
      "signature_bytes_per_hop": 654.25,
      "exceeds_bgp_limit": false
    },
    {
      "num_hops": 5,
      "keypair_time": 0.03108954429626465,
      "keypair_time_per_as": 0.0062179088592529295,
      "signing_time": 0.0013053417205810547,
      "signing_time_per_hop": 0.00026106834411621094,
      "verification_time": 0.0003609657287597656,
      "verification_time_per_hop": 7.219314575195313e-05,
      "all_signatures_valid": true,
      "valid_signatures": 5,
      "message_size": 3357,
      "message_size_kb": 3.2783203125,
      "avg_signature_size": 656.6,
      "total_signature_size": 3283,
      "attribute_size": 3332,
      "bytes_per_hop": 671.4,
      "signature_bytes_per_hop": 656.6,
      "exceeds_bgp_limit": false
    },
    {
      "num_hops": 6,
      "keypair_time": 0.032621145248413086,
      "keypair_time_per_as": 0.005436857541402181,
      "signing_time": 0.0015408992767333984,
      "signing_time_per_hop": 0.0002568165461222331,
      "verification_time": 0.0004265308380126953,
      "verification_time_per_hop": 7.108847300211589e-05,
      "all_signatures_valid": true,
      "valid_signatures": 6,
      "message_size": 4012,
      "message_size_kb": 3.91796875,
      "avg_signature_size": 654.8333333333334,
      "total_signature_size": 3929,
      "attribute_size": 3987,
      "bytes_per_hop": 668.6666666666666,
      "signature_bytes_per_hop": 654.8333333333334,
      "exceeds_bgp_limit": false
    },
    {
      "num_hops": 7,
      "keypair_time": 0.04215097427368164,
      "keypair_time_per_as": 0.006021567753383091,
      "signing_time": 0.0019216537475585938,
      "signing_time_per_hop": 0.00027452196393694194,
      "verification_time": 0.00045871734619140625,
      "verification_time_per_hop": 6.553104945591517e-05,
      "all_signatures_valid": true,
      "valid_signatures": 7,
      "message_size": 4675,
      "message_size_kb": 4.5654296875,
      "avg_signature_size": 654.7142857142857,
      "total_signature_size": 4583,
      "attribute_size": 4650,
      "bytes_per_hop": 667.8571428571429,
      "signature_bytes_per_hop": 654.7142857142857,
      "exceeds_bgp_limit": false
    },
    {
      "num_hops": 8,
      "keypair_time": 0.04803466796875,
      "keypair_time_per_as": 0.00600433349609375,
      "signing_time": 0.0022673606872558594,
      "signing_time_per_hop": 0.0002834200859069824,
      "verification_time": 0.0005371570587158203,
      "verification_time_per_hop": 6.714463233947754e-05,
      "all_signatures_valid": true,
      "valid_signatures": 8,
      "message_size": 5348,
      "message_size_kb": 5.22265625,
      "avg_signature_size": 655.875,
      "total_signature_size": 5247,
      "attribute_size": 5323,
      "bytes_per_hop": 668.5,
      "signature_bytes_per_hop": 655.875,
      "exceeds_bgp_limit": false
    },
    {
      "num_hops": 9,
      "keypair_time": 0.04602932929992676,
      "keypair_time_per_as": 0.005114369922214084,
      "signing_time": 0.002333402633666992,
      "signing_time_per_hop": 0.00025926695929633244,
      "verification_time": 0.0005762577056884766,
      "verification_time_per_hop": 6.402863396538628e-05,
      "all_signatures_valid": true,
      "valid_signatures": 9,
      "message_size": 6025,
      "message_size_kb": 5.8837890625,
      "avg_signature_size": 657.2222222222222,
      "total_signature_size": 5915,
      "attribute_size": 6000,
      "bytes_per_hop": 669.4444444444445,
      "signature_bytes_per_hop": 657.2222222222222,
      "exceeds_bgp_limit": false
    },
    {
      "num_hops": 10,
      "keypair_time": 0.06322765350341797,
      "keypair_time_per_as": 0.0063227653503417965,
      "signing_time": 0.0025644302368164062,
      "signing_time_per_hop": 0.0002564430236816406,
      "verification_time": 0.0008018016815185547,
      "verification_time_per_hop": 8.018016815185547e-05,
      "all_signatures_valid": true,
      "valid_signatures": 10,
      "message_size": 6664,
      "message_size_kb": 6.5078125,
      "avg_signature_size": 654.5,
      "total_signature_size": 6545,
      "attribute_size": 6639,
      "bytes_per_hop": 666.4,
      "signature_bytes_per_hop": 654.5,
      "exceeds_bgp_limit": false
    },
    {
      "num_hops": 12,
      "keypair_time": 0.09734439849853516,
      "keypair_time_per_as": 0.008112033208211264,
      "signing_time": 0.003167390823364258,
      "signing_time_per_hop": 0.0002639492352803548,
      "verification_time": 0.0010004043579101562,
      "verification_time_per_hop": 8.336702982584636e-05,
      "all_signatures_valid": true,
      "valid_signatures": 12,
      "message_size": 7990,
      "message_size_kb": 7.802734375,
      "avg_signature_size": 654.4166666666666,
      "total_signature_size": 7853,
      "attribute_size": 7965,
      "bytes_per_hop": 665.8333333333334,
      "signature_bytes_per_hop": 654.4166666666666,
      "exceeds_bgp_limit": false
    },
    {
      "num_hops": 15,
      "keypair_time": 0.08990311622619629,
      "keypair_time_per_as": 0.005993541081746419,
      "signing_time": 0.003976106643676758,
      "signing_time_per_hop": 0.0002650737762451172,